exhibition/againsttheodds.dcr,http://www.nlm.nih.gov/hmd/about/exhibition/againsttheodds.html
exhibition/avoyagetohealth.dcr,http://www.nlm.nih.gov/hmd/about/exhibition/avoyagetohealth.html
exhibition/bindingwounds.dcr,http://www.nlm.nih.gov/hmd/about/exhibition/bindingwounds.html
exhibition/breathoflife.dcr,http://www.nlm.nih.gov/hmd/about/exhibition/breathoflife.html
exhibition/changingthefaceofmedicine.dcr,http://www.nlm.nih.gov/hmd/about/exhibition/changingthefaceofmedicine.html
exhibition/dreamanatomy.dcr,http://www.nlm.nih.gov/hmd/about/exhibition/dreamanatomy.html
exhibition/emotionsanddisease.dcr,http://www.nlm.nih.gov/hmd/about/exhibition/emotionsanddisease.html
exhibition/everydaymiracles.dcr,http://www.nlm.nih.gov/hmd/about/exhibition/everydaymiracles.html
exhibition/frankenstein.dcr,http://www.nlm.nih.gov/hmd/about/exhibition/frankenstein.html
exhibition/fromdnatobeer.dcr,http://www.nlm.nih.gov/hmd/about/exhibition/fromdnatobeer.html
exhibition/georgewashington.dcr,http://www.nlm.nih.gov/hmd/about/exhibition/georgewashington.html
exhibition/harrypotter.dcr,http://www.nlm.nih.gov/hmd/about/exhibition/harrypotter.html
exhibition/healing.dcr,http://www.nlm.nih.gov/hmd/about/exhibition/healing.html
exhibition/henkel.dcr,http://www.nlm.nih.gov/hmd/about/exhibition/henkel.html
exhibition/lifeandlimb.dcr,http://www.nlm.nih.gov/hmd/about/exhibition/lifeandlimb.html
exhibition/literature.dcr,http://www.nlm.nih.gov/hmd/about/exhibition/literature.html
exhibition/onceandfutureweb.dcr,http://www.nlm.nih.gov/hmd/about/exhibition/onceandfutureweb.html
exhibition/openingdoors.dcr,http://www.nlm.nih.gov/hmd/about/exhibition/openingdoors.html
exhibition/pickyourpoison.dcr,http://www.nlm.nih.gov/hmd/about/exhibition/pickyourpoison.html
exhibition/shakespeare.dcr,http://www.nlm.nih.gov/hmd/about/exhibition/shakespeare.html
exhibition/sowhatsnew.dcr,http://www.nlm.nih.gov/hmd/about/exhibition/sowhatsnew.html
exhibition/survivingandthriving~1.dcr,http://www.nlm.nih.gov/hmd/about/exhibition/survivingandthriving.html
exhibition/visibleproofs.dcr,http://www.nlm.nih.gov/hmd/about/exhibition/visibleproofs.html
